event_index,mission,time_utc,site,kind,weather_risk_score
731,NROL-70,2024-03-28T18:49:00+00:00,CCSFS,SCRUB,0.9653
831,Starlink Group 6-34,2023-12-13T04:58:00+00:00,CCSFS,SCRUB,0.9625
381,Starlink Group 12-21,2025-03-05T01:10:00+00:00,CCSFS,SCRUB,0.9618
180,EscaPADE,2025-11-09T21:09:00+00:00,CCSFS,SCRUB,0.9541
892,Starlink Group 6-22,2023-10-12T02:56:00+00:00,CCSFS,SCRUB,0.9541
181,EscaPADE,2025-11-09T21:13:00+00:00,CCSFS,SCRUB,0.9541
1094,"Good Luck, Have Fun (Maiden Flight)",2023-03-08T18:36:00+00:00,CCSFS,SCRUB,0.9436
824,Starlink Group 6-34,2023-12-17T18:29:00+00:00,CCSFS,SCRUB,0.926
82,Cygnus CRS-2 NG-24 (S.S. Steven R. Nagel),2026-04-07T15:07:00+00:00,CCSFS,SCRUB,0.9008
1095,"Good Luck, Have Fun (Maiden Flight)",2023-03-08T19:39:00+00:00,CCSFS,SCRUB,0.9005
255,Amazon Leo (KF-02),2025-08-07T13:51:00+00:00,CCSFS,SCRUB,0.8439
607,WorldView Legion 3 & 4,2024-08-04T22:55:00+00:00,CCSFS,SCRUB,0.8428
1362,Axiom Space Mission 1,2022-03-17T00:47:00+00:00,KSC,SCRUB,0.84
530,Europa Clipper,2024-10-09T00:57:00+00:00,KSC,SCRUB,0.8344
1096,"Good Luck, Have Fun (Maiden Flight)",2023-03-08T20:23:00+00:00,CCSFS,SCRUB,0.7576
168,Starlink Group 6-92,2025-12-07T23:58:00+00:00,KSC,SCRUB,0.7007
167,Starlink Group 6-92,2025-12-07T23:14:00+00:00,KSC,SCRUB,0.7007
347,Amazon Leo (KA-01),2025-04-10T00:47:00+00:00,CCSFS,SCRUB,0.6914
964,Starlink Group 6-6,2023-07-23T02:53:00+00:00,CCSFS,SCRUB,0.6871
560,Certification Flight 2,2024-09-17T02:45:00+00:00,CCSFS,SCRUB,0.6658
984,NROL-68,2023-06-21T05:40:00+00:00,CCSFS,SCRUB,0.5957
1392,Starlink Group 4-7,2022-01-28T04:43:00+00:00,KSC,SCRUB,0.5413
426,Starlink Group 12-6,2024-12-29T23:20:00+00:00,KSC,SCRUB,0.5048
562,Galileo L13 (FOC FM26 & FM32),2024-09-14T17:35:00+00:00,CCSFS,SCRUB,0.4993
450,GPS III SV07 (RRT-1),2024-12-14T01:45:00+00:00,CCSFS,SCRUB,0.4151
166,Starlink Group 6-92,2025-12-07T22:37:00+00:00,KSC,SCRUB,0.405
627,Starlink Group 8-3,2024-07-11T00:33:00+00:00,CCSFS,SCRUB,0.3876
204,Bandwagon 4 (Dedicated Mid-Inclination Rideshare),2025-10-03T18:49:00+00:00,CCSFS,SCRUB,0.3598
304,Axiom Space Mission 4,2025-06-11T16:10:00+00:00,KSC,SCRUB,0.3398
537,Certification Flight 2,2024-10-04T10:31:00+00:00,CCSFS,SCRUB,0.3333
999,Starlink Group 5-11,2023-06-04T03:28:00+00:00,CCSFS,SCRUB,0.3267
841,Starlink Group 6-34,2023-12-10T18:58:00+00:00,CCSFS,SCRUB,0.3096
1038,NROL-68,2023-04-25T07:47:00+00:00,CCSFS,SCRUB,0.2968
617,Starlink Group 10-4,2024-07-25T12:08:00+00:00,CCSFS,SCRUB,0.2737
972,Starlink Group 5-15,2023-07-14T04:45:00+00:00,CCSFS,SCRUB,0.2623
624,Starlink Group 10-4,2024-07-23T04:05:00+00:00,CCSFS,SCRUB,0.2599
604,Starlink Group 8-3,2024-08-06T01:30:00+00:00,CCSFS,SCRUB,0.2455
344,Starlink Group 12-17,2025-04-12T04:53:00+00:00,KSC,SCRUB,0.2452
153,Starlink Group 10-36,2025-12-18T16:57:00+00:00,CCSFS,SCRUB,0.2378
769,Starlink Group 6-40,2024-02-29T06:04:00+00:00,CCSFS,SCRUB,0.2281
1147,USSF-67,2023-01-14T18:57:00+00:00,KSC,SCRUB,0.1978
1445,SBIRS GEO-5,2021-05-17T15:50:00+00:00,CCSFS,SCRUB,0.1732
789,Starlink Group 6-39,2024-02-09T07:39:00+00:00,CCSFS,SCRUB,0.1718
1015,Starlink Group 6-3,2023-05-12T16:53:00+00:00,CCSFS,SCRUB,0.1409
16,Starlink Group 10-19,2026-08-10T14:23:00+00:00,CCSFS,SCRUB,0.13
15,Starlink Group 10-19,2026-08-10T14:14:00+00:00,CCSFS,SCRUB,0.13
515,Starlink Group 8-19,2024-10-17T21:08:00+00:00,CCSFS,SCRUB,0.1272
561,Galileo L13 (FOC FM26 & FM32),2024-09-16T00:13:00+00:00,CCSFS,SCRUB,0.1212
626,Starlink Group 10-4,2024-07-19T02:21:00+00:00,CCSFS,SCRUB,0.1121
656,Astra 1P/SES-24,2024-06-14T05:52:00+00:00,CCSFS,SCRUB,0.0934
620,Starlink Group 10-4,2024-07-24T01:47:00+00:00,CCSFS,SCRUB,0.0921
641,GOES-U,2024-06-25T20:34:00+00:00,KSC,SCRUB,0.0914
409,Maiden Flight,2025-01-16T06:25:00+00:00,CCSFS,SCRUB,0.0905
646,Starlink Group 10-2,2024-06-20T11:56:00+00:00,CCSFS,SCRUB,0.0833
1431,CST-100 Starliner Orbital Flight Test 2 (OFT-2),2021-08-03T14:57:00+00:00,CCSFS,SCRUB,0.0811
509,Starlink Group 6-61,2024-10-23T00:23:00+00:00,CCSFS,SCRUB,0.0732
812,Starlink Group 6-37,2024-01-14T00:47:00+00:00,CCSFS,SCRUB,0.0678
447,O3b mPower 7 & 8,2024-12-15T01:09:00+00:00,KSC,SCRUB,0.0676
973,Starlink Group 5-15,2023-07-14T20:59:00+00:00,CCSFS,SCRUB,0.065
915,Starlink Group 6-18,2023-09-24T00:11:00+00:00,CCSFS,SCRUB,0.0648
610,Starlink Group 10-6,2024-08-01T22:26:00+00:00,KSC,SCRUB,0.0617
563,Crew-9,2024-09-12T19:47:00+00:00,CCSFS,SCRUB,0.0599
401,Starlink Group 12-3,2025-02-03T05:17:00+00:00,CCSFS,SCRUB,0.0582
962,Galaxy 37,2023-07-24T02:05:00+00:00,CCSFS,SCRUB,0.0579
494,Starlink Group 6-77,2024-11-07T00:11:00+00:00,CCSFS,SCRUB,0.0572
322,Starlink Group 12-15,2025-05-20T05:25:00+00:00,CCSFS,SCRUB,0.0505
957,EchoStar 24/Jupiter-3,2023-07-27T03:08:00+00:00,KSC,SCRUB,0.0489
89,Artemis II,2026-04-01T22:15:00+00:00,KSC,SCRUB,0.0451
753,Starlink Group 6-42,2024-03-13T15:44:00+00:00,KSC,SCRUB,0.0426
74,BlueBird 7 (Block 2 #2),2026-04-19T10:42:00+00:00,CCSFS,SCRUB,0.0393
611,Starlink Group 8-3,2024-08-01T15:59:00+00:00,CCSFS,SCRUB,0.035
523,Starlink Group 6-61,2024-10-13T23:15:00+00:00,CCSFS,SCRUB,0.0336
1410,STP-3,2021-12-05T00:11:00+00:00,CCSFS,SCRUB,0.0323
446,GPS III SV07 (RRT-1),2024-12-15T14:58:00+00:00,CCSFS,SCRUB,0.0321
835,Starlink Group 6-34,2023-12-12T01:10:00+00:00,CCSFS,SCRUB,0.0256
1446,SBIRS GEO-5,2021-05-17T16:39:00+00:00,CCSFS,SCRUB,0.0255
913,Starlink Group 6-19,2023-09-28T16:16:00+00:00,CCSFS,SCRUB,0.024
776,Starlink Group 6-39,2024-02-25T00:26:00+00:00,CCSFS,SCRUB,0.0232
385,Starlink Group 12-20,2025-02-28T11:35:00+00:00,CCSFS,SCRUB,0.0231
583,Starlink Group 8-6,2024-08-26T17:46:00+00:00,CCSFS,SCRUB,0.0231
1340,Starlink Group 4-14,2022-04-14T17:02:00+00:00,CCSFS,SCRUB,0.0217
293,Starlink Group 10-23,2025-06-22T06:03:00+00:00,CCSFS,SCRUB,0.021
953,Starlink Group 6-7,2023-07-28T02:32:00+00:00,CCSFS,SCRUB,0.0197
402,WorldView Legion 5 & 6,2025-02-03T16:57:00+00:00,KSC,SCRUB,0.0194
489,Starlink Group 6-69,2024-11-11T00:02:00+00:00,CCSFS,SCRUB,0.0191
424,Thuraya 4-NGS,2025-01-02T15:19:00+00:00,CCSFS,SCRUB,0.0191
876,Starlink Group 6-25,2023-10-28T01:17:00+00:00,CCSFS,SCRUB,0.0165
1333,Starlink Group 4-16,2022-04-22T16:17:00+00:00,CCSFS,SCRUB,0.016
712,Starlink Group 6-48,2024-04-10T03:08:00+00:00,CCSFS,SCRUB,0.0148
1324,Starlink Group 4-15,2022-05-07T18:06:00+00:00,CCSFS,SCRUB,0.0148
346,Starlink Group 12-17,2025-04-11T04:59:00+00:00,KSC,SCRUB,0.0136
666,CST-100 Starliner Crewed Flight Test,2024-06-01T16:33:00+00:00,CCSFS,SCRUB,0.0131
874,Starlink Group 6-26,2023-10-30T08:20:00+00:00,CCSFS,SCRUB,0.0127
1056,ViaSat-3 F1 (ViaSat-3 Americas) & others,2023-03-25T09:53:00+00:00,KSC,SCRUB,0.0116
878,USSF-124,2023-10-27T23:35:00+00:00,CCSFS,SCRUB,0.0111
199,SpainSat NG II,2025-10-22T17:21:00+00:00,CCSFS,SCRUB,0.0093
425,Thuraya 4-NGS,2025-01-01T13:14:00+00:00,CCSFS,SCRUB,0.0088
24,Globalstar 2-R Mission 1 (x 8),2026-07-16T21:08:00+00:00,CCSFS,SCRUB,0.0083
321,Starlink Group 12-15,2025-05-20T04:03:00+00:00,CCSFS,SCRUB,0.008
303,Axiom Space Mission 4,2025-06-11T11:58:00+00:00,KSC,SCRUB,0.0072
418,Starlink Group 12-11,2025-01-06T02:36:00+00:00,KSC,SCRUB,0.0068
320,Starlink Group 12-15,2025-05-20T03:56:00+00:00,CCSFS,SCRUB,0.0065
39,Globalstar 2-R Mission 1 (x 8),2026-06-08T15:45:00+00:00,CCSFS,SCRUB,0.0063
296,Axiom Space Mission 4,2025-06-18T03:19:00+00:00,KSC,SCRUB,0.0059
1453,Starlink 20,2021-03-10T00:55:00+00:00,CCSFS,SCRUB,0.005
272,O3b mPower 9-10,2025-07-21T21:33:00+00:00,CCSFS,SCRUB,0.0045
1320,Nilesat-301,2022-05-17T16:49:00+00:00,CCSFS,SCRUB,0.0037
676,Starlink Group 6-60,2024-05-27T14:47:00+00:00,CCSFS,SCRUB,0.0036
696,Starlink Group 6-56,2024-05-06T23:26:00+00:00,KSC,SCRUB,0.0026
388,Starlink Group 12-13,2025-02-26T05:16:00+00:00,CCSFS,SCRUB,0.001
1282,Starlink Group 4-25,2022-07-14T22:51:00+00:00,KSC,SCRUB,0.0006
