event_index,mission,time_utc,site,vehicle,kind,cause,temperature_2m,relative_humidity_2m,precipitation,cloud_cover_low,cloud_cover_mid,cloud_cover_high,visibility,wind_speed_10m,wind_gusts_10m,cape,lifted_index,freezing_level_height,precipitation_max5h,cape_max5h,wind_gusts_10m_max5h,cloud_cover_low_max5h,max_shear_kt_per_km,wind_250hPa_kt,hour_sin,hour_cos,month_sin,month_cos
15,Starlink Group 10-19,2026-08-10T14:14:00+00:00,CCSFS,falcon_9,SCRUB,UNKNOWN,29.5,88,0.0,24,0,3,15400.0,4.8,8.7,4440.0,-8.5,5110.0,0.0,5140.0,9.7,47,7.30151540234009,14.8,-0.4999999999999997,-0.8660254037844388,-0.8660254037844384,-0.5000000000000004
16,Starlink Group 10-19,2026-08-10T14:23:00+00:00,CCSFS,falcon_9,SCRUB,UNKNOWN,29.5,88,0.0,24,0,3,15400.0,4.8,8.7,4440.0,-8.5,5110.0,0.0,5140.0,9.7,47,7.30151540234009,14.8,-0.4999999999999997,-0.8660254037844388,-0.8660254037844384,-0.5000000000000004
24,Globalstar 2-R Mission 1 (x 8),2026-07-16T21:08:00+00:00,CCSFS,falcon_9,SCRUB,UNKNOWN,31.6,62,0.0,3,0,0,29800.0,5.6,5.8,1940.0,-4.7,4960.0,0.0,3850.0,9.1,91,12.877234502882017,8.7,-0.7071067811865477,0.7071067811865474,-0.4999999999999997,-0.8660254037844388
39,Globalstar 2-R Mission 1 (x 8),2026-06-08T15:45:00+00:00,CCSFS,falcon_9,SCRUB,UNKNOWN,28.5,73,0.0,5,14,0,22200.0,4.0,4.1,520.0,-2.3,4950.0,0.0,1190.0,9.5,5,13.365487352656645,26.7,-0.7071067811865471,-0.7071067811865479,1.2246467991473532e-16,-1.0
74,BlueBird 7 (Block 2 #2),2026-04-19T10:42:00+00:00,CCSFS,new_glenn,SCRUB,UNKNOWN,19.8,90,0.0,3,0,60,12200.0,3.4,11.1,360.0,-0.9,4750.0,0.0,670.0,11.1,50,14.826019963351829,56.2,0.49999999999999994,-0.8660254037844387,0.8660254037844387,-0.4999999999999998
82,Cygnus CRS-2 NG-24 (S.S. Steven R. Nagel),2026-04-07T15:07:00+00:00,CCSFS,falcon_9,SCRUB,UNKNOWN,20.5,95,43.2,100,100,85,3500.0,8.1,16.9,940.0,-3.2,3490.0,43.2,940.0,25.5,100,24.29224630064102,42.2,-0.7071067811865471,-0.7071067811865479,0.8660254037844387,-0.4999999999999998
89,Artemis II,2026-04-01T22:15:00+00:00,KSC,sls,SCRUB,UNKNOWN,24.2,71,0.0,16,27,50,21500.0,9.1,13.8,950.0,-3.0,4060.0,0.0,1090.0,15.4,98,10.926302254279358,16.5,-0.5000000000000004,0.8660254037844384,0.8660254037844387,-0.4999999999999998
153,Starlink Group 10-36,2025-12-18T16:57:00+00:00,CCSFS,falcon_9,SCRUB,UNKNOWN,23.9,87,0.0,48,0,39,15400.0,9.3,17.7,1450.0,-3.9,4260.0,0.0,1900.0,22.9,72,14.283023039879279,71.0,-0.8660254037844384,-0.5000000000000004,-2.4492935982947064e-16,1.0
166,Starlink Group 6-92,2025-12-07T22:37:00+00:00,KSC,falcon_9,SCRUB,UNKNOWN,21.1,90,0.0,100,100,31,9700.0,6.7,9.5,180.0,1.0,3660.0,0.7,300.0,14.8,100,27.926047504614907,76.1,-0.5000000000000004,0.8660254037844384,-2.4492935982947064e-16,1.0
167,Starlink Group 6-92,2025-12-07T23:14:00+00:00,KSC,falcon_9,SCRUB,UNKNOWN,20.5,92,0.0,100,100,69,9600.0,6.8,12.1,300.0,-1.1,4030.0,6.1,300.0,24.3,100,23.61257025132637,81.5,-0.25881904510252157,0.9659258262890681,-2.4492935982947064e-16,1.0
168,Starlink Group 6-92,2025-12-07T23:58:00+00:00,KSC,falcon_9,SCRUB,UNKNOWN,20.5,92,0.0,100,100,69,9600.0,6.8,12.1,300.0,-1.1,4030.0,6.1,300.0,24.3,100,23.61257025132637,81.5,-0.25881904510252157,0.9659258262890681,-2.4492935982947064e-16,1.0
180,EscaPADE,2025-11-09T21:09:00+00:00,CCSFS,new_glenn,SCRUB,UNKNOWN,24.9,87,0.0,86,1,99,15500.0,4.6,6.2,2310.0,-6.2,4310.0,3.6,2550.0,12.2,100,20.431708939385874,55.7,-0.7071067811865477,0.7071067811865474,-0.5000000000000004,0.8660254037844384
181,EscaPADE,2025-11-09T21:13:00+00:00,CCSFS,new_glenn,SCRUB,UNKNOWN,24.9,87,0.0,86,1,99,15500.0,4.6,6.2,2310.0,-6.2,4310.0,3.6,2550.0,12.2,100,20.431708939385874,55.7,-0.7071067811865477,0.7071067811865474,-0.5000000000000004,0.8660254037844384
199,SpainSat NG II,2025-10-22T17:21:00+00:00,CCSFS,falcon_9,SCRUB,UNKNOWN,27.4,67,0.0,2,0,0,26600.0,2.3,4.7,620.0,-1.8,4600.0,0.0,1780.0,9.1,100,9.641792893577035,31.4,-0.9659258262890683,-0.25881904510252063,-0.8660254037844386,0.5000000000000001
204,Bandwagon 4 (Dedicated Mid-Inclination Rideshare),2025-10-03T18:49:00+00:00,CCSFS,falcon_9,SCRUB,UNKNOWN,25.1,82,0.0,72,0,0,17700.0,16.6,22.5,1610.0,-5.0,4500.0,0.0,1930.0,26.4,100,10.290501000721985,12.3,-1.0,-1.8369701987210297e-16,-0.8660254037844386,0.5000000000000001
255,Amazon Leo (KF-02),2025-08-07T13:51:00+00:00,CCSFS,falcon_9,SCRUB,UNKNOWN,26.0,86,17.6,67,89,76,15500.0,6.6,8.2,2220.0,-5.6,4730.0,17.6,2230.0,11.9,100,9.08265877152807,2.0,-0.2588190451025208,-0.9659258262890683,-0.8660254037844384,-0.5000000000000004
272,O3b mPower 9-10,2025-07-21T21:33:00+00:00,CCSFS,falcon_9,SCRUB,UNKNOWN,32.8,63,0.0,2,0,2,29200.0,5.6,5.8,1760.0,-5.1,4800.0,0.0,4090.0,12.1,49,11.494063904902488,23.9,-0.7071067811865477,0.7071067811865474,-0.4999999999999997,-0.8660254037844388
293,Starlink Group 10-23,2025-06-22T06:03:00+00:00,CCSFS,falcon_9,SCRUB,UNKNOWN,24.9,93,0.0,2,0,0,12300.0,2.7,9.5,3220.0,-7.6,4610.0,0.0,3220.0,14.0,43,6.738057155826575,7.2,1.0,6.123233995736766e-17,1.2246467991473532e-16,-1.0
296,Axiom Space Mission 4,2025-06-18T03:19:00+00:00,KSC,falcon_9,SCRUB,UNKNOWN,25.9,82,0.0,0,0,0,17000.0,5.1,16.5,2050.0,-3.7,5060.0,0.0,3060.0,19.6,5,12.861289284298886,6.5,0.7071067811865475,0.7071067811865476,1.2246467991473532e-16,-1.0
303,Axiom Space Mission 4,2025-06-11T11:58:00+00:00,KSC,falcon_9,SCRUB,UNKNOWN,23.3,94,0.0,1,0,0,12400.0,2.3,2.9,1230.0,-3.5,4630.0,0.0,3150.0,8.6,1,18.61777123409536,36.8,0.258819045102521,-0.9659258262890682,1.2246467991473532e-16,-1.0
304,Axiom Space Mission 4,2025-06-11T16:10:00+00:00,KSC,falcon_9,SCRUB,UNKNOWN,28.1,83,0.0,100,100,0,16600.0,1.8,5.2,3310.0,-8.0,4510.0,0.0,3620.0,6.0,100,9.164106951405683,19.7,-0.8660254037844384,-0.5000000000000004,1.2246467991473532e-16,-1.0
320,Starlink Group 12-15,2025-05-20T03:56:00+00:00,CCSFS,falcon_9,SCRUB,UNKNOWN,26.2,84,0.0,13,0,28,16400.0,7.7,22.0,2130.0,-7.0,4820.0,0.0,2330.0,22.0,13,19.681928894215595,52.1,0.7071067811865475,0.7071067811865476,0.49999999999999994,-0.8660254037844387
321,Starlink Group 12-15,2025-05-20T04:03:00+00:00,CCSFS,falcon_9,SCRUB,UNKNOWN,25.6,85,0.0,5,0,19,15800.0,9.4,18.9,2330.0,-7.2,4830.0,0.0,2330.0,22.0,13,21.13540329309874,60.3,0.8660254037844386,0.5000000000000001,0.49999999999999994,-0.8660254037844387
322,Starlink Group 12-15,2025-05-20T05:25:00+00:00,CCSFS,falcon_9,SCRUB,UNKNOWN,25.3,86,0.0,6,0,2,15300.0,7.1,17.1,2160.0,-6.9,4840.0,0.0,2330.0,22.0,46,25.249212496268818,59.7,0.9659258262890683,0.25881904510252074,0.49999999999999994,-0.8660254037844387
344,Starlink Group 12-17,2025-04-12T04:53:00+00:00,KSC,falcon_9,SCRUB,UNKNOWN,19.5,75,0.0,6,30,0,20200.0,4.8,13.4,380.0,0.1,2860.0,1.8,610.0,27.4,100,23.906966976408132,83.9,0.8660254037844386,0.5000000000000001,0.8660254037844387,-0.4999999999999998
346,Starlink Group 12-17,2025-04-11T04:59:00+00:00,KSC,falcon_9,SCRUB,UNKNOWN,18.4,78,0.0,0,0,0,18900.0,2.3,8.6,0.0,2.8,3740.0,0.0,360.0,9.5,0,23.683867210017944,47.5,0.8660254037844386,0.5000000000000001,0.8660254037844387,-0.4999999999999998
347,Amazon Leo (KA-01),2025-04-10T00:47:00+00:00,CCSFS,atlas_v,SCRUB,UNKNOWN,20.0,77,0.0,29,0,0,19100.0,11.9,22.5,540.0,-1.9,3490.0,0.0,640.0,29.7,100,23.282802869434615,65.5,0.0,1.0,0.8660254037844387,-0.4999999999999998
381,Starlink Group 12-21,2025-03-05T01:10:00+00:00,CCSFS,falcon_9,SCRUB,UNKNOWN,20.5,81,0.0,100,0,97,17600.0,14.1,24.3,130.0,1.8,4570.0,0.0,160.0,26.2,100,26.86975631361635,91.9,0.25881904510252074,0.9659258262890683,1.0,6.123233995736766e-17
385,Starlink Group 12-20,2025-02-28T11:35:00+00:00,CCSFS,falcon_9,SCRUB,UNKNOWN,15.0,87,0.0,1,1,0,14900.0,6.7,16.5,0.0,5.6,3750.0,0.0,0.0,18.3,16,20.80825714690306,98.1,0.258819045102521,-0.9659258262890682,0.8660254037844386,0.5000000000000001
388,Starlink Group 12-13,2025-02-26T05:16:00+00:00,CCSFS,falcon_9,SCRUB,UNKNOWN,13.3,74,0.0,0,0,0,22600.0,5.2,11.3,0.0,9.1,3940.0,0.0,0.0,12.6,1,14.95112564706405,39.5,0.9659258262890683,0.25881904510252074,0.8660254037844386,0.5000000000000001
401,Starlink Group 12-3,2025-02-03T05:17:00+00:00,CCSFS,falcon_9,SCRUB,UNKNOWN,19.2,98,0.0,100,0,0,500.0,3.7,4.7,390.0,0.1,4160.0,0.0,1210.0,8.7,100,11.856891363212062,71.7,0.9659258262890683,0.25881904510252074,0.8660254037844386,0.5000000000000001
402,WorldView Legion 5 & 6,2025-02-03T16:57:00+00:00,KSC,falcon_9,SCRUB,UNKNOWN,21.9,94,0.0,100,0,21,300.0,2.5,2.5,750.0,-1.4,4180.0,0.0,1330.0,7.0,100,11.153689180897736,64.5,-0.8660254037844384,-0.5000000000000004,0.8660254037844386,0.5000000000000001
409,Maiden Flight,2025-01-16T06:25:00+00:00,CCSFS,new_glenn,SCRUB,UNKNOWN,11.4,75,0.0,0,74,0,20300.0,4.4,8.7,0.0,14.5,3390.0,0.0,0.0,11.7,0,16.612494975577963,110.6,1.0,6.123233995736766e-17,0.49999999999999994,0.8660254037844387
418,Starlink Group 12-11,2025-01-06T02:36:00+00:00,KSC,falcon_9,SCRUB,UNKNOWN,12.9,73,0.0,3,0,94,21400.0,2.8,2.7,0.0,13.8,4250.0,0.0,0.0,8.6,3,25.288924656813975,94.7,0.49999999999999994,0.8660254037844387,0.49999999999999994,0.8660254037844387
424,Thuraya 4-NGS,2025-01-02T15:19:00+00:00,CCSFS,falcon_9,SCRUB,UNKNOWN,18.1,66,0.0,9,0,0,26100.0,8.4,10.1,0.0,8.9,3940.0,0.0,0.0,13.4,9,18.965192445082995,89.7,-0.7071067811865471,-0.7071067811865479,0.49999999999999994,0.8660254037844387
425,Thuraya 4-NGS,2025-01-01T13:14:00+00:00,CCSFS,falcon_9,SCRUB,UNKNOWN,18.0,93,0.0,4,0,0,12800.0,6.0,13.4,20.0,4.5,4250.0,0.0,50.0,14.6,23,21.794704396896844,63.0,-0.2588190451025208,-0.9659258262890683,0.49999999999999994,0.8660254037844387
426,Starlink Group 12-6,2024-12-29T23:20:00+00:00,KSC,falcon_9,SCRUB,UNKNOWN,19.2,81,0.0,100,100,83,17100.0,10.9,15.6,100.0,-0.8,3770.0,0.0,460.0,17.5,100,28.66621288056213,101.2,-0.25881904510252157,0.9659258262890681,-2.4492935982947064e-16,1.0
446,GPS III SV07 (RRT-1),2024-12-15T14:58:00+00:00,CCSFS,falcon_9,SCRUB,UNKNOWN,22.5,77,0.0,4,0,0,19300.0,12.4,22.7,320.0,-0.7,4230.0,0.0,810.0,25.1,8,12.926271604595078,40.2,-0.4999999999999997,-0.8660254037844388,-2.4492935982947064e-16,1.0
447,O3b mPower 7 & 8,2024-12-15T01:09:00+00:00,KSC,falcon_9,SCRUB,UNKNOWN,20.1,84,0.0,50,0,7,15900.0,8.1,22.5,240.0,0.2,4250.0,0.0,510.0,29.2,100,14.310495928319519,51.4,0.25881904510252074,0.9659258262890683,-2.4492935982947064e-16,1.0
450,GPS III SV07 (RRT-1),2024-12-14T01:45:00+00:00,CCSFS,falcon_9,SCRUB,UNKNOWN,20.0,65,0.0,29,0,0,26300.0,16.8,26.0,100.0,6.5,4280.0,0.0,120.0,26.0,100,17.115010220724933,34.8,0.25881904510252074,0.9659258262890683,-2.4492935982947064e-16,1.0
489,Starlink Group 6-69,2024-11-11T00:02:00+00:00,CCSFS,falcon_9,SCRUB,UNKNOWN,24.6,72,0.0,3,0,0,22200.0,9.4,15.9,180.0,0.1,4840.0,0.0,360.0,17.1,76,14.030900494833487,28.7,0.0,1.0,-0.5000000000000004,0.8660254037844384
494,Starlink Group 6-77,2024-11-07T00:11:00+00:00,CCSFS,falcon_9,SCRUB,UNKNOWN,26.2,85,0.0,99,0,12,15700.0,10.4,20.4,1670.0,-4.1,5020.0,0.0,1890.0,22.2,99,17.723982742831424,22.0,0.0,1.0,-0.5000000000000004,0.8660254037844384
509,Starlink Group 6-61,2024-10-23T00:23:00+00:00,CCSFS,falcon_9,SCRUB,UNKNOWN,24.9,74,0.0,0,0,0,21100.0,12.5,22.9,1140.0,-2.8,4510.0,0.0,1500.0,22.9,17,30.490274589345173,95.1,0.0,1.0,-0.8660254037844386,0.5000000000000001
515,Starlink Group 8-19,2024-10-17T21:08:00+00:00,CCSFS,falcon_9,SCRUB,UNKNOWN,23.1,55,0.0,24,0,0,35100.0,16.3,19.2,40.0,7.9,4170.0,0.0,40.0,19.6,100,17.17356930033149,91.2,-0.7071067811865477,0.7071067811865474,-0.8660254037844386,0.5000000000000001
523,Starlink Group 6-61,2024-10-13T23:15:00+00:00,CCSFS,falcon_9,SCRUB,UNKNOWN,24.3,74,0.0,13,0,0,21800.0,6.1,8.2,400.0,-2.1,4850.0,0.0,740.0,9.5,28,13.816142677349767,57.8,-0.25881904510252157,0.9659258262890681,-0.8660254037844386,0.5000000000000001
530,Europa Clipper,2024-10-09T00:57:00+00:00,KSC,falcon_heavy,SCRUB,UNKNOWN,25.5,78,0.0,50,99,100,18900.0,3.5,11.9,830.0,-3.0,4760.0,0.0,1250.0,18.7,80,15.314331192900747,60.6,0.0,1.0,-0.8660254037844386,0.5000000000000001
537,Certification Flight 2,2024-10-04T10:31:00+00:00,CCSFS,vulcan,SCRUB,UNKNOWN,25.9,79,0.0,1,0,0,18600.0,5.8,8.6,1510.0,-3.9,5060.0,0.0,1510.0,9.5,50,11.424269076315714,28.4,0.49999999999999994,-0.8660254037844387,-0.8660254037844386,0.5000000000000001
560,Certification Flight 2,2024-09-17T02:45:00+00:00,CCSFS,vulcan,SCRUB,UNKNOWN,25.9,83,0.0,100,2,99,16900.0,9.8,13.2,1800.0,-4.7,4670.0,0.0,1890.0,16.1,100,17.396252421165418,51.5,0.49999999999999994,0.8660254037844387,-1.0,-1.8369701987210297e-16
561,Galileo L13 (FOC FM26 & FM32),2024-09-16T00:13:00+00:00,CCSFS,falcon_9,SCRUB,UNKNOWN,26.6,81,0.0,0,6,10,17800.0,5.1,7.6,2230.0,-5.6,5080.0,0.0,2730.0,9.3,1,10.937893647647064,44.1,0.0,1.0,-1.0,-1.8369701987210297e-16
562,Galileo L13 (FOC FM26 & FM32),2024-09-14T17:35:00+00:00,CCSFS,falcon_9,SCRUB,UNKNOWN,30.9,78,0.0,38,16,99,19400.0,8.8,8.9,3490.0,-7.6,4890.0,31.3,3970.0,12.2,100,17.006560510933852,40.9,-0.9659258262890683,-0.25881904510252063,-1.0,-1.8369701987210297e-16
563,Crew-9,2024-09-12T19:47:00+00:00,CCSFS,falcon_9,SCRUB,UNKNOWN,29.6,82,0.0,45,0,2,17700.0,5.8,8.7,2840.0,-8.0,5030.0,0.0,2840.0,8.7,88,13.933160974023616,21.2,-0.9659258262890684,0.2588190451025203,-1.0,-1.8369701987210297e-16
583,Starlink Group 8-6,2024-08-26T17:46:00+00:00,CCSFS,falcon_9,SCRUB,UNKNOWN,30.5,74,0.0,25,50,14,22000.0,7.8,8.7,2640.0,-5.4,4990.0,0.0,3630.0,12.2,29,9.424089502715136,20.0,-0.9659258262890683,-0.25881904510252063,-0.8660254037844384,-0.5000000000000004
604,Starlink Group 8-3,2024-08-06T01:30:00+00:00,CCSFS,falcon_9,SCRUB,UNKNOWN,27.1,81,0.0,2,3,100,17600.0,12.7,26.4,1680.0,-4.9,5220.0,0.0,1680.0,32.5,100,25.24596617097834,17.4,0.25881904510252074,0.9659258262890683,-0.8660254037844384,-0.5000000000000004
607,WorldView Legion 3 & 4,2024-08-04T22:55:00+00:00,CCSFS,falcon_9,SCRUB,UNKNOWN,28.4,76,0.0,2,100,99,20100.0,16.6,29.9,1330.0,-4.9,4990.0,76.3,3770.0,31.5,100,18.57452981253288,31.4,-0.5000000000000004,0.8660254037844384,-0.8660254037844384,-0.5000000000000004
610,Starlink Group 10-6,2024-08-01T22:26:00+00:00,KSC,falcon_9,SCRUB,UNKNOWN,31.8,63,0.0,15,66,0,27100.0,7.8,13.2,2060.0,-6.4,4630.0,4.0,3330.0,13.2,17,10.914039887576644,7.2,-0.5000000000000004,0.8660254037844384,-0.8660254037844384,-0.5000000000000004
611,Starlink Group 8-3,2024-08-01T15:59:00+00:00,CCSFS,falcon_9,SCRUB,UNKNOWN,30.1,87,0.0,28,0,0,15100.0,4.1,4.3,4300.0,-9.4,4790.0,0.0,4300.0,7.6,43,8.618594848503491,13.5,-0.7071067811865471,-0.7071067811865479,-0.8660254037844384,-0.5000000000000004
617,Starlink Group 10-4,2024-07-25T12:08:00+00:00,CCSFS,falcon_9,SCRUB,UNKNOWN,28.9,80,0.0,91,0,99,17300.0,4.1,7.2,3090.0,-6.6,4900.0,0.0,3960.0,11.1,91,8.662359030466057,19.1,1.2246467991473532e-16,-1.0,-0.4999999999999997,-0.8660254037844388
620,Starlink Group 10-4,2024-07-24T01:47:00+00:00,CCSFS,falcon_9,SCRUB,UNKNOWN,27.3,85,0.0,0,0,28,15600.0,11.4,18.9,3380.0,-7.9,4920.0,0.0,3380.0,18.9,48,10.211624283113872,18.7,0.25881904510252074,0.9659258262890683,-0.4999999999999997,-0.8660254037844388
624,Starlink Group 10-4,2024-07-23T04:05:00+00:00,CCSFS,falcon_9,SCRUB,UNKNOWN,26.5,81,0.0,8,0,100,17300.0,3.7,6.2,1640.0,-5.3,4870.0,0.0,2850.0,10.3,50,9.360759911470153,3.9,0.8660254037844386,0.5000000000000001,-0.4999999999999997,-0.8660254037844388
626,Starlink Group 10-4,2024-07-19T02:21:00+00:00,CCSFS,falcon_9,SCRUB,UNKNOWN,27.4,84,0.0,1,0,26,16200.0,3.7,8.2,2880.0,-7.0,4870.0,0.0,3540.0,13.4,31,7.542907863657567,6.5,0.49999999999999994,0.8660254037844387,-0.4999999999999997,-0.8660254037844388
627,Starlink Group 8-3,2024-07-11T00:33:00+00:00,CCSFS,falcon_9,SCRUB,UNKNOWN,27.7,84,0.0,0,100,100,16700.0,2.8,5.1,2650.0,-6.6,4880.0,0.4,2650.0,8.0,0,24.333859233345482,26.4,0.0,1.0,-0.4999999999999997,-0.8660254037844388
641,GOES-U,2024-06-25T20:34:00+00:00,KSC,falcon_heavy,SCRUB,UNKNOWN,33.4,52,0.0,0,0,0,34000.0,8.3,8.9,1170.0,-4.2,4930.0,11.9,2460.0,10.5,100,10.530945225599803,29.9,-0.8660254037844386,0.5000000000000001,1.2246467991473532e-16,-1.0
646,Starlink Group 10-2,2024-06-20T11:56:00+00:00,CCSFS,falcon_9,SCRUB,UNKNOWN,26.3,74,0.0,0,2,0,21200.0,16.8,23.3,1590.0,-5.4,4910.0,0.0,2000.0,25.3,100,12.832965802299425,39.6,0.258819045102521,-0.9659258262890682,1.2246467991473532e-16,-1.0
656,Astra 1P/SES-24,2024-06-14T05:52:00+00:00,CCSFS,falcon_9,SCRUB,UNKNOWN,25.2,90,0.0,50,0,0,14000.0,6.0,9.9,1450.0,-5.1,4720.0,0.0,1750.0,10.7,100,19.791435107371022,66.3,0.9659258262890683,0.25881904510252074,1.2246467991473532e-16,-1.0
666,CST-100 Starliner Crewed Flight Test,2024-06-01T16:33:00+00:00,CCSFS,atlas_v,SCRUB,UNKNOWN,28.5,53,0.0,32,0,0,35000.0,13.4,16.3,20.0,2.0,4210.0,0.0,90.0,18.7,37,9.645361947762677,27.3,-0.8660254037844384,-0.5000000000000004,1.2246467991473532e-16,-1.0
676,Starlink Group 6-60,2024-05-27T14:47:00+00:00,CCSFS,falcon_9,SCRUB,UNKNOWN,30.2,67,0.0,1,0,0,24800.0,7.3,8.0,1600.0,-5.8,4930.0,0.0,2740.0,8.6,6,12.352067844877315,15.0,-0.4999999999999997,-0.8660254037844388,0.49999999999999994,-0.8660254037844387
696,Starlink Group 6-56,2024-05-06T23:26:00+00:00,KSC,falcon_9,SCRUB,UNKNOWN,26.7,62,0.0,0,0,0,27200.0,10.5,14.2,330.0,-1.0,4310.0,0.0,1110.0,14.6,10,22.41777865784072,26.6,-0.25881904510252157,0.9659258262890681,0.49999999999999994,-0.8660254037844387
712,Starlink Group 6-48,2024-04-10T03:08:00+00:00,CCSFS,falcon_9,SCRUB,UNKNOWN,21.2,72,0.0,17,0,9,22500.0,10.3,16.3,40.0,5.5,4720.0,0.0,40.0,16.7,17,21.998661833640487,70.5,0.7071067811865475,0.7071067811865476,0.8660254037844387,-0.4999999999999998
731,NROL-70,2024-03-28T18:49:00+00:00,CCSFS,delta_iv,SCRUB,UNKNOWN,21.4,84,0.0,100,0,0,15200.0,16.7,22.0,80.0,1.0,4550.0,0.0,1650.0,23.5,100,25.336691271922362,96.7,-1.0,-1.8369701987210297e-16,1.0,6.123233995736766e-17
753,Starlink Group 6-42,2024-03-13T15:44:00+00:00,KSC,falcon_9,SCRUB,UNKNOWN,23.9,62,0.0,46,17,4,27500.0,7.3,9.9,70.0,-0.7,4120.0,0.0,170.0,10.9,100,19.19481749207204,120.1,-0.7071067811865471,-0.7071067811865479,1.0,6.123233995736766e-17
769,Starlink Group 6-40,2024-02-29T06:04:00+00:00,CCSFS,falcon_9,SCRUB,UNKNOWN,17.8,84,0.0,5,0,1,15900.0,0.6,2.7,0.0,4.5,4320.0,0.0,10.0,5.2,45,14.62425577471546,65.5,1.0,6.123233995736766e-17,0.8660254037844386,0.5000000000000001
776,Starlink Group 6-39,2024-02-25T00:26:00+00:00,CCSFS,falcon_9,SCRUB,UNKNOWN,16.3,42,0.0,0,0,0,48700.0,3.6,11.1,0.0,7.7,3340.0,0.0,0.0,24.9,0,19.829343678317947,137.4,0.0,1.0,0.8660254037844386,0.5000000000000001
789,Starlink Group 6-39,2024-02-09T07:39:00+00:00,CCSFS,falcon_9,SCRUB,UNKNOWN,15.0,88,0.0,32,0,0,12200.0,2.6,4.5,20.0,8.7,4580.0,0.0,30.0,4.7,100,18.435503864544597,77.9,0.9659258262890683,-0.25881904510252063,0.8660254037844386,0.5000000000000001
812,Starlink Group 6-37,2024-01-14T00:47:00+00:00,CCSFS,falcon_9,SCRUB,UNKNOWN,14.0,44,0.0,0,98,97,46500.0,11.9,15.4,0.0,16.7,4400.0,0.0,0.0,15.4,0,30.837129067214835,97.0,0.0,1.0,0.49999999999999994,0.8660254037844387
824,Starlink Group 6-34,2023-12-17T18:29:00+00:00,CCSFS,falcon_9,SCRUB,UNKNOWN,19.5,85,0.0,100,0,0,15700.0,16.4,28.6,50.0,0.0,4090.0,0.0,540.0,39.8,100,19.167180512059556,76.4,-1.0,-1.8369701987210297e-16,-2.4492935982947064e-16,1.0
831,Starlink Group 6-34,2023-12-13T04:58:00+00:00,CCSFS,falcon_9,SCRUB,UNKNOWN,20.7,77,0.0,100,0,98,20000.0,12.5,17.7,100.0,1.4,4380.0,0.0,110.0,22.0,100,28.040311439649223,61.7,0.8660254037844386,0.5000000000000001,-2.4492935982947064e-16,1.0
835,Starlink Group 6-34,2023-12-12T01:10:00+00:00,CCSFS,falcon_9,SCRUB,UNKNOWN,14.6,72,0.0,4,0,92,22200.0,12.7,18.9,0.0,11.2,4470.0,0.0,0.0,20.6,6,16.4435780445856,82.3,0.25881904510252074,0.9659258262890683,-2.4492935982947064e-16,1.0
841,Starlink Group 6-34,2023-12-10T18:58:00+00:00,CCSFS,falcon_9,SCRUB,UNKNOWN,25.9,72,0.0,28,12,0,23000.0,10.6,19.8,850.0,-4.7,4210.0,0.0,1100.0,22.4,28,14.933693026584717,55.4,-1.0,-1.8369701987210297e-16,-2.4492935982947064e-16,1.0
874,Starlink Group 6-26,2023-10-30T08:20:00+00:00,CCSFS,falcon_9,SCRUB,UNKNOWN,23.6,76,0.0,48,0,0,20100.0,7.8,12.6,40.0,2.2,5190.0,0.0,60.0,12.6,76,12.548465120455276,25.9,0.8660254037844387,-0.4999999999999998,-0.8660254037844386,0.5000000000000001
876,Starlink Group 6-25,2023-10-28T01:17:00+00:00,CCSFS,falcon_9,SCRUB,UNKNOWN,24.6,73,0.0,10,0,0,21400.0,10.2,16.3,70.0,3.5,5400.0,0.0,140.0,18.3,90,5.307802399283502,25.0,0.25881904510252074,0.9659258262890683,-0.8660254037844386,0.5000000000000001
878,USSF-124,2023-10-27T23:35:00+00:00,CCSFS,falcon_9,SCRUB,UNKNOWN,24.5,76,0.0,90,0,1,19800.0,5.5,11.3,140.0,2.4,5480.0,0.0,140.0,16.3,90,6.648397077646701,22.8,-0.25881904510252157,0.9659258262890681,-0.8660254037844386,0.5000000000000001
892,Starlink Group 6-22,2023-10-12T02:56:00+00:00,CCSFS,falcon_9,SCRUB,UNKNOWN,26.3,88,2.9,99,100,99,14900.0,11.6,17.5,1300.0,-4.1,4950.0,2.9,2430.0,21.8,100,19.079072839849207,42.3,0.49999999999999994,0.8660254037844387,-0.8660254037844386,0.5000000000000001
913,Starlink Group 6-19,2023-09-28T16:16:00+00:00,CCSFS,falcon_9,SCRUB,UNKNOWN,27.8,86,0.0,25,0,0,16600.0,6.7,7.4,2200.0,-5.8,4740.0,0.0,2200.0,7.8,67,12.5107807031785,35.0,-0.8660254037844384,-0.5000000000000004,-1.0,-1.8369701987210297e-16
915,Starlink Group 6-18,2023-09-24T00:11:00+00:00,CCSFS,falcon_9,SCRUB,UNKNOWN,24.6,49,0.0,0,0,87,40500.0,5.6,6.2,0.0,3.6,4620.0,0.0,10.0,8.6,0,17.88359729001119,51.4,0.0,1.0,-1.0,-1.8369701987210297e-16
953,Starlink Group 6-7,2023-07-28T02:32:00+00:00,CCSFS,falcon_9,SCRUB,UNKNOWN,25.3,91,0.0,40,81,39,13600.0,7.5,9.7,1350.0,-4.1,4950.0,0.0,1350.0,10.5,97,10.192685348465153,20.9,0.49999999999999994,0.8660254037844387,-0.4999999999999997,-0.8660254037844388
957,EchoStar 24/Jupiter-3,2023-07-27T03:08:00+00:00,KSC,falcon_heavy,SCRUB,UNKNOWN,25.5,89,0.0,0,2,0,14400.0,3.2,5.1,1730.0,-4.9,4890.0,0.0,2850.0,7.2,50,12.834214928030768,17.0,0.7071067811865475,0.7071067811865476,-0.4999999999999997,-0.8660254037844388
962,Galaxy 37,2023-07-24T02:05:00+00:00,CCSFS,falcon_9,SCRUB,UNKNOWN,25.0,83,0.0,0,50,85,17000.0,3.6,7.4,700.0,-4.2,4820.0,0.0,1330.0,11.3,7,28.024601562001504,6.5,0.49999999999999994,0.8660254037844387,-0.4999999999999997,-0.8660254037844388
964,Starlink Group 6-6,2023-07-23T02:53:00+00:00,CCSFS,falcon_9,SCRUB,UNKNOWN,25.5,90,0.4,35,100,100,14100.0,10.4,17.3,1170.0,-5.2,4710.0,18.7,1380.0,17.3,98,20.898799256053596,21.5,0.49999999999999994,0.8660254037844387,-0.4999999999999997,-0.8660254037844388
972,Starlink Group 5-15,2023-07-14T04:45:00+00:00,CCSFS,falcon_9,SCRUB,UNKNOWN,24.7,86,0.0,7,59,99,15600.0,6.4,16.5,780.0,-3.1,4900.0,0.4,780.0,16.5,100,20.901991963265374,28.7,0.8660254037844386,0.5000000000000001,-0.4999999999999997,-0.8660254037844388
973,Starlink Group 5-15,2023-07-14T20:59:00+00:00,CCSFS,falcon_9,SCRUB,UNKNOWN,31.1,81,0.0,43,0,0,18400.0,11.8,14.2,3640.0,-8.0,4980.0,0.0,3640.0,14.4,100,13.351157914461263,18.2,-0.8660254037844386,0.5000000000000001,-0.4999999999999997,-0.8660254037844388
984,NROL-68,2023-06-21T05:40:00+00:00,CCSFS,delta_iv,SCRUB,UNKNOWN,23.7,92,0.0,7,14,99,12900.0,10.3,22.0,1750.0,-4.6,4220.0,0.7,2320.0,24.1,100,19.338777350904294,28.1,0.9659258262890683,0.25881904510252074,1.2246467991473532e-16,-1.0
999,Starlink Group 5-11,2023-06-04T03:28:00+00:00,CCSFS,falcon_9,SCRUB,UNKNOWN,23.7,85,0.0,50,99,63,16000.0,6.2,9.7,1650.0,-5.7,4080.0,0.0,2460.0,12.6,100,14.079445717093186,37.2,0.7071067811865475,0.7071067811865476,1.2246467991473532e-16,-1.0
1015,Starlink Group 6-3,2023-05-12T16:53:00+00:00,CCSFS,falcon_9,SCRUB,UNKNOWN,26.3,89,0.0,38,23,50,15000.0,9.1,9.9,2860.0,-7.6,4130.0,0.0,3390.0,11.3,44,17.633696640348692,7.2,-0.8660254037844384,-0.5000000000000004,0.49999999999999994,-0.8660254037844387
1038,NROL-68,2023-04-25T07:47:00+00:00,CCSFS,delta_iv,SCRUB,UNKNOWN,20.1,83,0.0,42,0,0,16800.0,8.9,13.2,560.0,-1.8,3440.0,34.6,730.0,14.0,99,22.294620017505093,91.8,0.9659258262890683,-0.25881904510252063,0.8660254037844387,-0.4999999999999998
1056,ViaSat-3 F1 (ViaSat-3 Americas) & others,2023-03-25T09:53:00+00:00,KSC,falcon_heavy,SCRUB,UNKNOWN,19.4,86,0.0,19,0,0,14900.0,4.4,8.7,10.0,2.3,4800.0,0.0,70.0,12.8,19,25.282548454913744,19.6,0.7071067811865476,-0.7071067811865475,1.0,6.123233995736766e-17
1094,"Good Luck, Have Fun (Maiden Flight)",2023-03-08T18:36:00+00:00,CCSFS,terran,SCRUB,UNKNOWN,25.3,74,0.0,25,0,0,22100.0,14.9,18.5,530.0,-1.2,4430.0,0.0,670.0,22.5,100,19.390122940757898,70.1,-1.0,-1.8369701987210297e-16,1.0,6.123233995736766e-17
1095,"Good Luck, Have Fun (Maiden Flight)",2023-03-08T19:39:00+00:00,CCSFS,terran,SCRUB,UNKNOWN,24.9,70,0.0,100,0,0,24300.0,13.2,15.4,200.0,0.6,4410.0,0.0,670.0,19.2,100,17.917398179197356,71.5,-0.9659258262890684,0.2588190451025203,1.0,6.123233995736766e-17
1096,"Good Luck, Have Fun (Maiden Flight)",2023-03-08T20:23:00+00:00,CCSFS,terran,SCRUB,UNKNOWN,24.2,74,0.0,39,0,0,22000.0,14.1,16.1,230.0,0.5,4410.0,0.0,530.0,18.5,100,16.213717359969515,70.5,-0.8660254037844386,0.5000000000000001,1.0,6.123233995736766e-17
1147,USSF-67,2023-01-14T18:57:00+00:00,KSC,falcon_heavy,SCRUB,UNKNOWN,10.8,43,0.0,8,0,0,42600.0,12.1,15.9,0.0,13.5,870.0,0.0,10.0,22.2,38,24.951616310687864,86.1,-1.0,-1.8369701987210297e-16,0.49999999999999994,0.8660254037844387
1282,Starlink Group 4-25,2022-07-14T22:51:00+00:00,KSC,falcon_9,SCRUB,UNKNOWN,31.7,56,0.0,7,0,2,32200.0,10.0,13.4,1530.0,-5.4,4650.0,0.0,2090.0,19.0,50,12.609534610151359,23.5,-0.5000000000000004,0.8660254037844384,-0.4999999999999997,-0.8660254037844388
1320,Nilesat-301,2022-05-17T16:49:00+00:00,CCSFS,falcon_9,SCRUB,UNKNOWN,30.5,55,0.0,4,0,0,34100.0,2.3,4.7,800.0,-2.5,4290.0,0.0,1640.0,9.7,6,14.897091600735257,25.2,-0.8660254037844384,-0.5000000000000004,0.49999999999999994,-0.8660254037844387
1324,Starlink Group 4-15,2022-05-07T18:06:00+00:00,CCSFS,falcon_9,SCRUB,UNKNOWN,32.1,45,0.0,13,0,0,43200.0,15.0,19.8,1790.0,-5.0,3800.0,0.0,2380.0,21.6,40,12.509993759322555,83.9,-1.0,-1.8369701987210297e-16,0.49999999999999994,-0.8660254037844387
1333,Starlink Group 4-16,2022-04-22T16:17:00+00:00,CCSFS,falcon_9,SCRUB,UNKNOWN,24.7,65,0.0,42,0,0,26200.0,15.3,19.2,50.0,0.0,4030.0,0.0,100.0,20.4,100,11.020912290082064,7.8,-0.8660254037844384,-0.5000000000000004,0.8660254037844387,-0.4999999999999998
1340,Starlink Group 4-14,2022-04-14T17:02:00+00:00,CCSFS,falcon_9,SCRUB,UNKNOWN,27.4,70,0.0,42,0,21,24500.0,7.6,8.0,820.0,-4.5,4430.0,0.0,1220.0,8.0,77,17.934215400519705,31.1,-0.9659258262890683,-0.25881904510252063,0.8660254037844387,-0.4999999999999998
1362,Axiom Space Mission 1,2022-03-17T00:47:00+00:00,KSC,falcon_9,SCRUB,UNKNOWN,22.3,90,0.0,99,0,0,13300.0,2.7,6.2,1740.0,-5.3,3800.0,0.0,1760.0,10.5,100,23.935455925997637,77.4,0.0,1.0,1.0,6.123233995736766e-17
1392,Starlink Group 4-7,2022-01-28T04:43:00+00:00,KSC,falcon_9,SCRUB,UNKNOWN,17.7,89,2.2,100,1,0,14100.0,8.9,19.8,90.0,2.3,3530.0,2.2,110.0,24.1,100,18.395171736968095,95.2,0.8660254037844386,0.5000000000000001,0.49999999999999994,0.8660254037844387
1410,STP-3,2021-12-05T00:11:00+00:00,CCSFS,atlas_v,SCRUB,UNKNOWN,18.1,77,0.0,0,0,40,18600.0,2.9,3.9,0.0,1.5,4230.0,0.0,0.0,8.4,11,13.7645465884179,56.4,0.0,1.0,-2.4492935982947064e-16,1.0
1431,CST-100 Starliner Orbital Flight Test 2 (OFT-2),2021-08-03T14:57:00+00:00,CCSFS,atlas_v,SCRUB,UNKNOWN,27.7,84,0.0,12,33,100,17400.0,6.9,12.4,2090.0,-5.4,4580.0,0.0,2090.0,18.9,18,11.525877889367832,19.8,-0.4999999999999997,-0.8660254037844388,-0.8660254037844384,-0.5000000000000004
1445,SBIRS GEO-5,2021-05-17T15:50:00+00:00,CCSFS,atlas_v,SCRUB,UNKNOWN,24.3,72,0.0,100,6,0,23400.0,13.5,16.3,160.0,-0.3,4120.0,0.0,510.0,16.3,100,14.749960580382346,34.1,-0.7071067811865471,-0.7071067811865479,0.49999999999999994,-0.8660254037844387
1446,SBIRS GEO-5,2021-05-17T16:39:00+00:00,CCSFS,atlas_v,SCRUB,UNKNOWN,23.7,74,0.0,97,0,4,21500.0,6.3,11.1,80.0,0.0,4190.0,0.0,510.0,16.3,100,9.794773318224605,38.1,-0.8660254037844384,-0.5000000000000004,0.49999999999999994,-0.8660254037844387
1453,Starlink 20,2021-03-10T00:55:00+00:00,CCSFS,falcon_9,SCRUB,UNKNOWN,19.4,71,0.0,100,0,0,22500.0,6.0,13.2,100.0,3.5,3620.0,0.0,120.0,14.0,100,,,0.0,1.0,1.0,6.123233995736766e-17
